"data_size","parameter","MSE","Bias"
50,"learns",0.004971,0.023312
50,"guesses",0.013593,-0.055695
50,"slips",0.00136,0.021752
50,"prior",0.029279,0.131191
500,"learns",0.000206,0.003838
500,"guesses",0.00077,-0.016585
500,"slips",0.000125,0.005718
500,"prior",0.002035,0.035848
2000,"learns",0.000233,0.004283
2000,"guesses",0.000104,-0.00472
2000,"slips",1.9e-05,0.002533
2000,"prior",0.000499,0.018878
